{"cameraMode":{"drawMode":0,"name":"Shaded","section":"Shading Mode"},"sceneLighting":true,"audioPlay":false,"sceneViewState":{"m_AlwaysRefresh":false,"showFog":true,"showSkybox":true,"showFlares":true,"showImageEffects":true,"showParticleSystems":true,"showVisualEffectGraphs":true,"m_FxEnabled":true},"in2DMode":false,"pivot":{"x":605.4168701171875,"y":345.2258605957031,"z":-65.2462387084961},"rotation":{"x":0.02130676619708538,"y":-0.009002633392810822,"z":0.0001916794280987233,"w":0.999732494354248},"size":457.6915283203125,"orthographic":false}