{"cameraMode":{"drawMode":0,"name":"Shaded","section":"Shading Mode"},"sceneLighting":true,"audioPlay":false,"sceneViewState":{"m_AlwaysRefresh":false,"showFog":true,"showSkybox":true,"showFlares":true,"showImageEffects":true,"showParticleSystems":true,"showVisualEffectGraphs":true,"m_FxEnabled":true},"in2DMode":false,"pivot":{"x":753.2916870117188,"y":374.6114196777344,"z":-78.8621826171875},"rotation":{"x":-0.00030946332844905555,"y":0.009596118703484536,"z":-0.0000030102319215075114,"w":-0.9999523758888245},"size":315.2022399902344,"orthographic":false}